Key,NUTS2 Origin,NUTS2 Destination,Distance (km),Time (h)
AT11-AT11,AT11,AT11,0,0
AT11-AT12,AT11,AT12,131.23,1.43
AT11-AT13,AT11,AT13,93.34,0.95
AT11-AT21,AT11,AT21,289.78,3.36
AT11-AT22,AT11,AT22,169.19,1.95
AT11-AT31,AT11,AT31,268.53,3.22
AT11-AT32,AT11,AT32,361.1,4.29
AT11-AT33,AT11,AT33,493.62,5.9
AT11-AT34,AT11,AT34,656.94,7.93
AT11-BE10,AT11,BE10,1138.79,14.13
AT11-BE21,AT11,BE21,1130.52,13.98
AT11-BE22,AT11,BE22,1059.7,13.03
AT11-BE23,AT11,BE23,1185.63,14.75
AT11-BE24,AT11,BE24,1127.56,13.98
AT11-BE25,AT11,BE25,1238.4,15.46
AT11-BE31,AT11,BE31,1135.87,14.01
AT11-BE32,AT11,BE32,1180.79,14.66
AT11-BE33,AT11,BE33,1036.51,12.75
AT11-BE34,AT11,BE34,1040.6,12.87
AT11-BE35,AT11,BE35,1106.2,13.66
AT11-BG31,AT11,BG31,947.03,10.52
AT11-BG32,AT11,BG32,1116.67,12.51
AT11-BG33,AT11,BG33,1168.56,13.28
AT11-BG34,AT11,BG34,1229.78,13.6
AT11-BG41,AT11,BG41,999.17,10.84
AT11-BG42,AT11,BG42,1121.41,12.24
AT11-CH01,AT11,CH01,941.75,11.37
AT11-CH02,AT11,CH02,873.71,10.65
AT11-CH03,AT11,CH03,805.14,9.88
AT11-CH04,AT11,CH04,742.64,9.11
AT11-CH05,AT11,CH05,695.54,8.37
AT11-CH06,AT11,CH06,815.27,9.77
AT11-CH07,AT11,CH07,801.23,9.48
AT11-CZ01,AT11,CZ01,377.17,4.07
AT11-CZ02,AT11,CZ02,370.74,3.99
AT11-CZ03,AT11,CZ03,341.05,3.86
AT11-CZ04,AT11,CZ04,471.85,5.25
AT11-CZ05,AT11,CZ05,370.88,3.81
AT11-CZ06,AT11,CZ06,244.68,2.54
AT11-CZ07,AT11,CZ07,294.86,3.06
AT11-CZ08,AT11,CZ08,360.15,3.85
AT11-DE11,AT11,DE11,673.62,8.19
AT11-DE12,AT11,DE12,737.09,9.05
AT11-DE13,AT11,DE13,744.09,9.22
AT11-DE14,AT11,DE14,648.7,8.01
AT11-DE21,AT11,DE21,456.92,5.61
AT11-DE22,AT11,DE22,407.95,4.84
AT11-DE23,AT11,DE23,490.05,5.79
AT11-DE24,AT11,DE24,602.2,7.09
AT11-DE25,AT11,DE25,566.96,6.84
AT11-DE26,AT11,DE26,673.4,8.1
AT11-DE27,AT11,DE27,562.15,6.96
AT11-DE30,AT11,DE30,702.33,7.48
AT11-DE40,AT11,DE40,715.25,7.66
AT11-DE50,AT11,DE50,995.07,11.56
AT11-DE60,AT11,DE60,953.34,10.73
AT11-DE71,AT11,DE71,763.89,9.29
AT11-DE72,AT11,DE72,818.65,9.84
AT11-DE73,AT11,DE73,815.32,9.59
AT11-DE80,AT11,DE80,921.02,9.81
AT11-DE91,AT11,DE91,809.08,9.37
AT11-DE92,AT11,DE92,897.31,10.46
AT11-DE93,AT11,DE93,917.87,10.43
AT11-DE94,AT11,DE94,1055.82,12.46
AT11-DEA1,AT11,DEA1,1011.1,12.2
AT11-DEA2,AT11,DEA2,952.8,11.62
AT11-DEA3,AT11,DEA3,1009.33,12.17
AT11-DEA4,AT11,DEA4,925.25,10.93
AT11-DEA5,AT11,DEA5,945.61,11.26
AT11-DEB1,AT11,DEB1,878.69,10.73
AT11-DEB2,AT11,DEB2,937.82,11.55
AT11-DEB3,AT11,DEB3,826.94,10.2
AT11-DED2,AT11,DED2,529.69,5.63
AT11-DED4,AT11,DED4,561.66,6.31
AT11-DED5,AT11,DED5,616.85,6.87
AT11-DEE0,AT11,DEE0,729.76,8.2
AT11-DEF0,AT11,DEF0,1049.85,11.73
AT11-DEG0,AT11,DEG0,683.47,7.96
AT11-DK01,AT11,DK01,1104.06,11.61
AT11-DK02,AT11,DK02,1079.07,11.53
AT11-DK03,AT11,DK03,1169.1,12.97
AT11-DK04,AT11,DK04,1280.36,14.1
AT11-DK05,AT11,DK05,1341.6,14.65
AT11-EE00,AT11,EE00,1664.68,18.28
AT11-EL30,AT11,EL30,1645.81,17.02
AT11-EL41,AT11,EL41,1662.39,17.48
AT11-EL42,AT11,EL42,2008.71,20.87
AT11-EL43,AT11,EL43,1968.56,20.03
AT11-EL51,AT11,EL51,1337.57,14.29
AT11-EL52,AT11,EL52,1202,12.67
AT11-EL53,AT11,EL53,1204.55,12.43
AT11-EL54,AT11,EL54,1213.85,12.34
AT11-EL61,AT11,EL61,1344.03,14.01
AT11-EL62,AT11,EL62,1707.4,17.17
AT11-EL63,AT11,EL63,1373.78,13.88
AT11-EL64,AT11,EL64,1494.39,15.51
AT11-EL65,AT11,EL65,1589.09,16
AT11-ES11,AT11,ES11,2505.17,29.27
AT11-ES12,AT11,ES12,2242.98,26.42
AT11-ES13,AT11,ES13,2084.34,24.52
AT11-ES21,AT11,ES21,1954.42,23.03
AT11-ES22,AT11,ES22,1924.2,22.19
AT11-ES23,AT11,ES23,2018.2,23.23
AT11-ES24,AT11,ES24,1850.43,20.95
AT11-ES30,AT11,ES30,2162.3,24.42
AT11-ES41,AT11,ES41,2170.69,25.38
AT11-ES42,AT11,ES42,2165.2,24.21
AT11-ES43,AT11,ES43,2496.94,27.97
AT11-ES51,AT11,ES51,1641.42,18.58
AT11-ES52,AT11,ES52,1913.89,21.44
AT11-ES53,AT11,ES53,1746.12,19.3
AT11-ES61,AT11,ES61,2423.2,26.81
AT11-ES62,AT11,ES62,2120.34,23.44
AT11-ES63,AT11,ES63,2613.38,28.61
AT11-FI19,AT11,FI19,2124.64,24.01
AT11-FI1B,AT11,FI1B,1765.31,19.68
AT11-FI1C,AT11,FI1C,1872.56,21.45
AT11-FI1D,AT11,FI1D,2383.37,26.56
AT11-FI20,AT11,FI20,1779.22,19.76
AT11-FR10,AT11,FR10,1250.97,15.67
AT11-FR21,AT11,FR21,1081.08,13.47
AT11-FR22,AT11,FR22,1255.02,15.62
AT11-FR23,AT11,FR23,1367.05,17.15
AT11-FR24,AT11,FR24,1357.06,16.78
AT11-FR25,AT11,FR25,1508.54,18.98
AT11-FR26,AT11,FR26,1141.15,14.02
AT11-FR30,AT11,FR30,1264.79,15.72
AT11-FR41,AT11,FR41,931.98,11.59
AT11-FR42,AT11,FR42,865.96,10.66
AT11-FR43,AT11,FR43,980.48,12.07
AT11-FR51,AT11,FR51,1556.15,19.4
AT11-FR52,AT11,FR52,1720.85,21.7
AT11-FR53,AT11,FR53,1538.91,18.82
AT11-FR61,AT11,FR61,1666.63,19.82
AT11-FR62,AT11,FR62,1574.42,18.32
AT11-FR63,AT11,FR63,1446.94,17.39
AT11-FR71,AT11,FR71,1144.26,13.49
AT11-FR72,AT11,FR72,1335.42,15.99
AT11-FR81,AT11,FR81,1412,16.46
AT11-FR82,AT11,FR82,1185.15,13.76
AT11-FR83,AT11,FR83,1045.94,11.46
AT11-HR03,AT11,HR03,498.42,5.1
AT11-HR04,AT11,HR04,284.38,2.99
AT11-HU10,AT11,HU10,247.27,3.08
AT11-HU21,AT11,HU21,168.26,1.93
AT11-HU22,AT11,HU22,82.66,0.89
AT11-HU23,AT11,HU23,231.45,2.54
AT11-HU31,AT11,HU31,393.86,4.78
AT11-HU32,AT11,HU32,421.63,5.28
AT11-HU33,AT11,HU33,370.37,4.42
AT11-IE01,AT11,IE01,2211.83,28.45
AT11-IE02,AT11,IE02,2226.26,28.51
AT11-ITC1,AT11,ITC1,858.61,10.16
AT11-ITC2,AT11,ITC2,921.23,10.94
AT11-ITC3,AT11,ITC3,877.88,10.1
AT11-ITC4,AT11,ITC4,723.22,8.5
AT11-ITF1,AT11,ITF1,852.77,9
AT11-ITF2,AT11,ITF2,951.29,10.05
AT11-ITF3,AT11,ITF3,1054.15,11.04
AT11-ITF4,AT11,ITF4,976.49,9.99
AT11-ITF5,AT11,ITF5,1078.1,11.05
AT11-ITF6,AT11,ITF6,1225.82,12.45
AT11-ITG1,AT11,ITG1,1450.97,14.77
AT11-ITG2,AT11,ITG2,1327.98,14.23
AT11-ITH1,AT11,ITH1,493.71,5.89
AT11-ITH2,AT11,ITH2,571.17,6.65
AT11-ITH3,AT11,ITH3,509.26,5.92
AT11-ITH4,AT11,ITH4,401.33,4.63
AT11-ITH5,AT11,ITH5,687.49,7.77
AT11-ITI1,AT11,ITI1,802.5,8.81
AT11-ITI2,AT11,ITI2,841.67,8.98
AT11-ITI3,AT11,ITI3,746.03,7.98
AT11-ITI4,AT11,ITI4,922.41,9.72
AT11-LT00,AT11,LT00,1159.37,12.87
AT11-LU00,AT11,LU00,986.36,12.15
AT11-LV00,AT11,LV00,1429.86,16.03
AT11-NL11,AT11,NL11,1153.57,13.8
AT11-NL12,AT11,NL12,1192.07,14.43
AT11-NL13,AT11,NL13,1116.34,13.46
AT11-NL21,AT11,NL21,1122.25,13.52
AT11-NL22,AT11,NL22,1099.23,13.22
AT11-NL23,AT11,NL23,1171.45,14.25
AT11-NL31,AT11,NL31,1152.36,13.96
AT11-NL32,AT11,NL32,1220.71,14.72
AT11-NL33,AT11,NL33,1196.03,14.6
AT11-NL34,AT11,NL34,1193.66,14.78
AT11-NL41,AT11,NL41,1117.78,13.7
AT11-NL42,AT11,NL42,1048.19,12.8
AT11-PL11,AT11,PL11,633.16,6.79
AT11-PL12,AT11,PL12,738.49,8.13
AT11-PL21,AT11,PL21,519.87,6
AT11-PL22,AT11,PL22,453.09,4.96
AT11-PL31,AT11,PL31,791.95,9.27
AT11-PL32,AT11,PL32,663.66,7.92
AT11-PL33,AT11,PL33,622.9,7.01
AT11-PL34,AT11,PL34,901.53,10.17
AT11-PL41,AT11,PL41,696.96,7.41
AT11-PL42,AT11,PL42,804.24,8.43
AT11-PL43,AT11,PL43,632.74,6.52
AT11-PL51,AT11,PL51,477.12,4.86
AT11-PL52,AT11,PL52,470.18,4.94
AT11-PL61,AT11,PL61,800.74,8.51
AT11-PL62,AT11,PL62,927.34,9.97
AT11-PL63,AT11,PL63,927.91,10.01
AT11-PT11,AT11,PT11,2513.05,29.15
AT11-PT15,AT11,PT15,2762.8,30.45
AT11-PT16,AT11,PT16,2629.09,30.24
AT11-PT17,AT11,PT17,2748.31,30.56
AT11-PT18,AT11,PT18,2690.34,29.89
AT11-RO11,AT11,RO11,618.35,7.59
AT11-RO12,AT11,RO12,791.38,9.56
AT11-RO21,AT11,RO21,953.59,11.56
AT11-RO22,AT11,RO22,1127.78,13.12
AT11-RO31,AT11,RO31,983.72,11.39
AT11-RO32,AT11,RO32,1027.6,11.89
AT11-RO41,AT11,RO41,821.13,9.46
AT11-RO42,AT11,RO42,578.08,6.71
AT11-SE11,AT11,SE11,1638.98,17.78
AT11-SE12,AT11,SE12,1550.57,16.42
AT11-SE21,AT11,SE21,1391.96,15.04
AT11-SE22,AT11,SE22,1151.28,12.03
AT11-SE23,AT11,SE23,1402.59,14.73
AT11-SE31,AT11,SE31,1782.9,18.94
AT11-SE32,AT11,SE32,2078.06,22.81
AT11-SE33,AT11,SE33,2475.4,28.37
AT11-SI03,AT11,SI03,246.31,2.65
AT11-SI04,AT11,SI04,372.15,4.11
AT11-SK01,AT11,SK01,141.22,1.55
AT11-SK02,AT11,SK02,215.25,2.47
AT11-SK03,AT11,SK03,325.96,3.81
AT11-SK04,AT11,SK04,491.06,5.89
AT11-UKC1,AT11,UKC1,1740.92,21.63
AT11-UKC2,AT11,UKC2,1752.33,21.84
AT11-UKD1,AT11,UKD1,1800.66,22.67
AT11-UKD3,AT11,UKD3,1727.63,21.78
AT11-UKD4,AT11,UKD4,1761.94,22.22
AT11-UKD6,AT11,UKD6,1742.91,21.98
AT11-UKD7,AT11,UKD7,1768.07,22.41
AT11-UKE1,AT11,UKE1,1595.63,19.92
AT11-UKE2,AT11,UKE2,1683.16,21.05
AT11-UKE3,AT11,UKE3,1668.68,20.99
AT11-UKE4,AT11,UKE4,1678.63,21.1
AT11-UKF1,AT11,UKF1,1653.02,20.85
AT11-UKF2,AT11,UKF2,1588.43,20.07
AT11-UKF3,AT11,UKF3,1611.15,20.19
AT11-UKG1,AT11,UKG1,1668.55,21.18
AT11-UKG2,AT11,UKG2,1689.9,21.49
AT11-UKG3,AT11,UKG3,1651.43,20.97
AT11-UKH1,AT11,UKH1,1462.33,18.34
AT11-UKH2,AT11,UKH2,1538.66,19.38
AT11-UKH3,AT11,UKH3,1451.93,18.25
AT11-UKI3,AT11,UKI3,1487.01,18.86
AT11-UKI4,AT11,UKI4,1479.06,18.76
AT11-UKI5,AT11,UKI5,1479.55,18.74
AT11-UKI6,AT11,UKI6,1484.51,18.82
AT11-UKI7,AT11,UKI7,1498.44,19.02
AT11-UKJ1,AT11,UKJ1,1565.98,19.9
AT11-UKJ2,AT11,UKJ2,1503.62,19.07
AT11-UKJ3,AT11,UKJ3,1586.95,20.14
AT11-UKJ4,AT11,UKJ4,1418.72,17.97
AT11-UKK1,AT11,UKK1,1657.15,21.09
AT11-UKK2,AT11,UKK2,1679.88,21.44
AT11-UKK3,AT11,UKK3,1891.99,24.15
AT11-UKK4,AT11,UKK4,1786.42,22.82
AT11-UKL1,AT11,UKL1,1837.69,23.41
AT11-UKL2,AT11,UKL2,1748.16,22.27
AT11-UKM2,AT11,UKM2,1920.41,23.92
AT11-UKM3,AT11,UKM3,1931.96,24.33
AT11-UKM5,AT11,UKM5,2077.72,25.8
AT11-UKM6,AT11,UKM6,2207.54,27.48
AT11-UKN0,AT11,UKN0,2119.32,26.86
AT12-AT11,AT12,AT11,131.23,1.43
AT12-AT12,AT12,AT12,0,0
AT12-AT13,AT12,AT13,48.68,0.6
AT12-AT21,AT12,AT21,311.08,3.54
AT12-AT22,AT12,AT22,183.11,2.06
AT12-AT31,AT12,AT31,157.49,1.99
AT12-AT32,AT12,AT32,297.26,3.52
AT12-AT33,AT12,AT33,393.59,4.83
AT12-AT34,AT12,AT34,555.61,6.78
AT12-BE10,AT12,BE10,1027.75,12.9
AT12-BE21,AT12,BE21,1019.48,12.75
AT12-BE22,AT12,BE22,948.66,11.8
AT12-BE23,AT12,BE23,1074.6,13.52
AT12-BE24,AT12,BE24,1016.53,12.75
AT12-BE25,AT12,BE25,1127.37,14.23
AT12-BE31,AT12,BE31,1024.84,12.78
AT12-BE32,AT12,BE32,1069.75,13.44
AT12-BE33,AT12,BE33,925.48,11.52
AT12-BE34,AT12,BE34,929.57,11.64
AT12-BE35,AT12,BE35,995.16,12.43
AT12-BG31,AT12,BG31,1002.35,11.17
AT12-BG32,AT12,BG32,1172,13.16
AT12-BG33,AT12,BG33,1223.89,13.92
AT12-BG34,AT12,BG34,1285.1,14.24
AT12-BG41,AT12,BG41,1058.97,11.38
AT12-BG42,AT12,BG42,1181.21,12.78
AT12-CH01,AT12,CH01,830.71,10.14
AT12-CH02,AT12,CH02,762.68,9.43
AT12-CH03,AT12,CH03,694.11,8.65
AT12-CH04,AT12,CH04,631.6,7.88
AT12-CH05,AT12,CH05,595.51,7.29
AT12-CH06,AT12,CH06,707.68,8.72
AT12-CH07,AT12,CH07,734.49,8.78
AT12-CZ01,AT12,CZ01,281.54,3.1
AT12-CZ02,AT12,CZ02,275.11,3.02
AT12-CZ03,AT12,CZ03,232.13,2.65
AT12-CZ04,AT12,CZ04,376.22,4.28
AT12-CZ05,AT12,CZ05,278.53,2.87
AT12-CZ06,AT12,CZ06,175.89,1.96
AT12-CZ07,AT12,CZ07,226.07,2.48
AT12-CZ08,AT12,CZ08,300.14,3.36
AT12-DE11,AT12,DE11,562.58,6.96
AT12-DE12,AT12,DE12,626.06,7.82
AT12-DE13,AT12,DE13,633.06,7.99
AT12-DE14,AT12,DE14,537.67,6.78
AT12-DE21,AT12,DE21,345.89,4.38
AT12-DE22,AT12,DE22,296.91,3.61
AT12-DE23,AT12,DE23,379.01,4.56
AT12-DE24,AT12,DE24,492.86,5.84
AT12-DE25,AT12,DE25,455.92,5.61
AT12-DE26,AT12,DE26,562.36,6.87
AT12-DE27,AT12,DE27,451.11,5.74
AT12-DE30,AT12,DE30,606.7,6.51
AT12-DE40,AT12,DE40,619.62,6.69
AT12-DE50,AT12,DE50,899.44,10.59
AT12-DE60,AT12,DE60,857.71,9.76
AT12-DE71,AT12,DE71,652.86,8.06
AT12-DE72,AT12,DE72,707.61,8.61
AT12-DE73,AT12,DE73,704.28,8.36
AT12-DE80,AT12,DE80,825.39,8.84
AT12-DE91,AT12,DE91,713.45,8.4
AT12-DE92,AT12,DE92,801.68,9.49
AT12-DE93,AT12,DE93,822.24,9.46
AT12-DE94,AT12,DE94,960.2,11.49
AT12-DEA1,AT12,DEA1,900.06,10.97
AT12-DEA2,AT12,DEA2,841.76,10.39
AT12-DEA3,AT12,DEA3,903.11,10.92
AT12-DEA4,AT12,DEA4,827.29,9.81
AT12-DEA5,AT12,DEA5,834.58,10.03
AT12-DEB1,AT12,DEB1,767.66,9.5
AT12-DEB2,AT12,DEB2,826.78,10.32
AT12-DEB3,AT12,DEB3,715.91,8.97
AT12-DED2,AT12,DED2,434.06,4.66
AT12-DED4,AT12,DED4,466.03,5.34
AT12-DED5,AT12,DED5,521.22,5.9
AT12-DEE0,AT12,DEE0,634.13,7.23
AT12-DEF0,AT12,DEF0,954.23,10.76
AT12-DEG0,AT12,DEG0,584.4,6.84
AT12-DK01,AT12,DK01,1024.53,10.98
AT12-DK02,AT12,DK02,983.44,10.56
AT12-DK03,AT12,DK03,1073.47,12
AT12-DK04,AT12,DK04,1184.74,13.13
AT12-DK05,AT12,DK05,1245.97,13.68
AT12-EE00,AT12,EE00,1612.01,17.94
AT12-EL30,AT12,EL30,1705.61,17.56
AT12-EL41,AT12,EL41,1722.2,18.02
AT12-EL42,AT12,EL42,2068.52,21.41
AT12-EL43,AT12,EL43,2028.37,20.57
AT12-EL51,AT12,EL51,1397.37,14.83
AT12-EL52,AT12,EL52,1261.81,13.21
AT12-EL53,AT12,EL53,1284.21,13.41
AT12-EL54,AT12,EL54,1343.62,13.74
AT12-EL61,AT12,EL61,1403.83,14.55
AT12-EL62,AT12,EL62,1837.17,18.57
AT12-EL63,AT12,EL63,1503.55,15.28
AT12-EL64,AT12,EL64,1554.19,16.05
AT12-EL65,AT12,EL65,1718.86,17.41
AT12-ES11,AT12,ES11,2394.13,28.04
AT12-ES12,AT12,ES12,2131.95,25.19
AT12-ES13,AT12,ES13,1973.31,23.29
AT12-ES21,AT12,ES21,1843.39,21.8
AT12-ES22,AT12,ES22,1835.24,21.6
AT12-ES23,AT12,ES23,1923.08,22.59
AT12-ES24,AT12,ES24,1863.69,20.99
AT12-ES30,AT12,ES30,2175.56,24.45
AT12-ES41,AT12,ES41,2059.65,24.15
AT12-ES42,AT12,ES42,2178.46,24.24
AT12-ES43,AT12,ES43,2448.23,27.97
AT12-ES51,AT12,ES51,1654.68,18.61
AT12-ES52,AT12,ES52,1927.15,21.47
AT12-ES53,AT12,ES53,1759.38,19.33
AT12-ES61,AT12,ES61,2436.46,26.84
AT12-ES62,AT12,ES62,2133.6,23.47
AT12-ES63,AT12,ES63,2626.64,28.64
AT12-FI19,AT12,FI19,2055.86,23.44
AT12-FI1B,AT12,FI1B,1696.52,19.11
AT12-FI1C,AT12,FI1C,1803.78,20.87
AT12-FI1D,AT12,FI1D,2314.58,25.99
AT12-FI20,AT12,FI20,1710.44,19.18
AT12-FR10,AT12,FR10,1139.94,14.44
AT12-FR21,AT12,FR21,970.04,12.24
AT12-FR22,AT12,FR22,1143.98,14.4
AT12-FR23,AT12,FR23,1256.01,15.92
AT12-FR24,AT12,FR24,1246.02,15.55
AT12-FR25,AT12,FR25,1397.5,17.75
AT12-FR26,AT12,FR26,1030.11,12.79
AT12-FR30,AT12,FR30,1153.75,14.49
AT12-FR41,AT12,FR41,820.94,10.36
AT12-FR42,AT12,FR42,754.93,9.43
AT12-FR43,AT12,FR43,869.44,10.84
AT12-FR51,AT12,FR51,1445.11,18.17
AT12-FR52,AT12,FR52,1609.81,20.47
AT12-FR53,AT12,FR53,1427.87,17.59
AT12-FR61,AT12,FR61,1555.59,18.59
AT12-FR62,AT12,FR62,1512.9,17.74
AT12-FR63,AT12,FR63,1335.9,16.16
AT12-FR71,AT12,FR71,1084.66,12.99
AT12-FR72,AT12,FR72,1224.38,14.76
AT12-FR81,AT12,FR81,1399.98,16.27
AT12-FR82,AT12,FR82,1173.13,13.57
AT12-FR83,AT12,FR83,1103.81,11.98
AT12-HR03,AT12,HR03,628.17,6.48
AT12-HR04,AT12,HR04,405.54,4.27
AT12-HU10,AT12,HU10,302.6,3.73
AT12-HU21,AT12,HU21,229.87,2.66
AT12-HU22,AT12,HU22,173.93,1.87
AT12-HU23,AT12,HU23,347.11,3.77
AT12-HU31,AT12,HU31,423.66,5.2
AT12-HU32,AT12,HU32,476.95,5.93
AT12-HU33,AT12,HU33,425.7,5.07
AT12-IE01,AT12,IE01,2100.8,27.22
AT12-IE02,AT12,IE02,2115.23,27.28
AT12-ITC1,AT12,ITC1,864.81,10.17
AT12-ITC2,AT12,ITC2,874.49,10.45
AT12-ITC3,AT12,ITC3,891.14,10.13
AT12-ITC4,AT12,ITC4,731.28,8.54
AT12-ITF1,AT12,ITF1,982.52,10.38
AT12-ITF2,AT12,ITF2,1081.04,11.44
AT12-ITF3,AT12,ITF3,1183.9,12.43
AT12-ITF4,AT12,ITF4,1107.73,11.41
AT12-ITF5,AT12,ITF5,1209.33,12.48
AT12-ITF6,AT12,ITF6,1357.06,13.87
AT12-ITG1,AT12,ITG1,1580.72,16.15
AT12-ITG2,AT12,ITG2,1394.57,14.85
AT12-ITH1,AT12,ITH1,490.54,5.85
AT12-ITH2,AT12,ITH2,572.45,6.72
AT12-ITH3,AT12,ITH3,567.13,6.44
AT12-ITH4,AT12,ITH4,459.2,5.16
AT12-ITH5,AT12,ITH5,745.36,8.3
AT12-ITI1,AT12,ITI1,860.37,9.34
AT12-ITI2,AT12,ITI2,902.32,9.72
AT12-ITI3,AT12,ITI3,875.78,9.36
AT12-ITI4,AT12,ITI4,1052.16,11.1
AT12-LT00,AT12,LT00,1106.7,12.54
AT12-LU00,AT12,LU00,875.33,10.92
AT12-LV00,AT12,LV00,1377.19,15.7
AT12-NL11,AT12,NL11,1057.94,12.83
AT12-NL12,AT12,NL12,1096.44,13.46
AT12-NL13,AT12,NL13,1020.71,12.49
AT12-NL21,AT12,NL21,1016.03,12.27
AT12-NL22,AT12,NL22,988.2,11.99
AT12-NL23,AT12,NL23,1062.62,12.78
AT12-NL31,AT12,NL31,1041.32,12.73
AT12-NL32,AT12,NL32,1109.68,13.49
AT12-NL33,AT12,NL33,1084.99,13.37
AT12-NL34,AT12,NL34,1082.62,13.55
AT12-NL41,AT12,NL41,1006.74,12.47
AT12-NL42,AT12,NL42,937.15,11.58
AT12-PL11,AT12,PL11,580.49,6.45
AT12-PL12,AT12,PL12,685.82,7.8
AT12-PL21,AT12,PL21,467.2,5.67
AT12-PL22,AT12,PL22,400.41,4.63
AT12-PL31,AT12,PL31,739.27,8.94
AT12-PL32,AT12,PL32,610.98,7.59
AT12-PL33,AT12,PL33,570.23,6.68
AT12-PL34,AT12,PL34,848.85,9.84
AT12-PL41,AT12,PL41,628.17,6.83
AT12-PL42,AT12,PL42,735.45,7.86
AT12-PL43,AT12,PL43,563.95,5.95
AT12-PL51,AT12,PL51,408.34,4.28
AT12-PL52,AT12,PL52,401.39,4.37
AT12-PL61,AT12,PL61,731.95,7.93
AT12-PL62,AT12,PL62,874.67,9.64
AT12-PL63,AT12,PL63,859.12,9.44
AT12-PT11,AT12,PT11,2402.01,27.92
AT12-PT15,AT12,PT15,2776.06,30.48
AT12-PT16,AT12,PT16,2518.06,29.01
AT12-PT17,AT12,PT17,2678.38,30.53
AT12-PT18,AT12,PT18,2647.78,30.07
AT12-RO11,AT12,RO11,673.67,8.24
AT12-RO12,AT12,RO12,846.71,10.21
AT12-RO21,AT12,RO21,1008.91,12.2
AT12-RO22,AT12,RO22,1183.11,13.77
AT12-RO31,AT12,RO31,1039.05,12.04
AT12-RO32,AT12,RO32,1082.92,12.54
AT12-RO41,AT12,RO41,876.46,10.11
AT12-RO42,AT12,RO42,633.41,7.35
AT12-SE11,AT12,SE11,1570.19,17.2
AT12-SE12,AT12,SE12,1481.78,15.85
AT12-SE21,AT12,SE21,1319.65,14.47
AT12-SE22,AT12,SE22,1078.97,11.45
AT12-SE23,AT12,SE23,1330.28,14.16
AT12-SE31,AT12,SE31,1710.58,18.36
AT12-SE32,AT12,SE32,2005.75,22.23
AT12-SE33,AT12,SE33,2403.08,27.8
AT12-SI03,AT12,SI03,338.55,3.57
AT12-SI04,AT12,SI04,450.08,4.93
AT12-SK01,AT12,SK01,135.86,1.66
AT12-SK02,AT12,SK02,209.89,2.59
AT12-SK03,AT12,SK03,320.6,3.92
AT12-SK04,AT12,SK04,485.7,6
AT12-UKC1,AT12,UKC1,1629.89,20.4
AT12-UKC2,AT12,UKC2,1641.29,20.61
AT12-UKD1,AT12,UKD1,1689.62,21.44
AT12-UKD3,AT12,UKD3,1616.59,20.55
AT12-UKD4,AT12,UKD4,1650.9,21
AT12-UKD6,AT12,UKD6,1631.87,20.75
AT12-UKD7,AT12,UKD7,1657.03,21.18
AT12-UKE1,AT12,UKE1,1484.6,18.7
AT12-UKE2,AT12,UKE2,1572.12,19.82
AT12-UKE3,AT12,UKE3,1557.64,19.76
AT12-UKE4,AT12,UKE4,1567.59,19.87
AT12-UKF1,AT12,UKF1,1541.98,19.62
AT12-UKF2,AT12,UKF2,1477.39,18.84
AT12-UKF3,AT12,UKF3,1500.12,18.96
AT12-UKG1,AT12,UKG1,1557.51,19.95
AT12-UKG2,AT12,UKG2,1578.87,20.26
AT12-UKG3,AT12,UKG3,1540.39,19.74
AT12-UKH1,AT12,UKH1,1351.3,17.11
AT12-UKH2,AT12,UKH2,1427.63,18.15
AT12-UKH3,AT12,UKH3,1340.89,17.02
AT12-UKI3,AT12,UKI3,1375.97,17.64
AT12-UKI4,AT12,UKI4,1368.02,17.53
AT12-UKI5,AT12,UKI5,1368.51,17.51
AT12-UKI6,AT12,UKI6,1373.48,17.59
AT12-UKI7,AT12,UKI7,1387.41,17.79
AT12-UKJ1,AT12,UKJ1,1454.95,18.67
AT12-UKJ2,AT12,UKJ2,1392.59,17.84
AT12-UKJ3,AT12,UKJ3,1475.91,18.91
AT12-UKJ4,AT12,UKJ4,1307.69,16.75
AT12-UKK1,AT12,UKK1,1546.11,19.86
AT12-UKK2,AT12,UKK2,1568.84,20.21
AT12-UKK3,AT12,UKK3,1780.95,22.92
AT12-UKK4,AT12,UKK4,1675.38,21.59
AT12-UKL1,AT12,UKL1,1726.66,22.18
AT12-UKL2,AT12,UKL2,1637.12,21.04
AT12-UKM2,AT12,UKM2,1809.37,22.7
AT12-UKM3,AT12,UKM3,1820.92,23.1
AT12-UKM5,AT12,UKM5,1966.69,24.57
AT12-UKM6,AT12,UKM6,2096.5,26.26
AT12-UKN0,AT12,UKN0,2008.29,25.63
AT13-AT11,AT13,AT11,93.34,0.95
AT13-AT12,AT13,AT12,48.68,0.6
AT13-AT13,AT13,AT13,0,0
AT13-AT21,AT13,AT21,300.17,3.42
AT13-AT22,AT13,AT22,172.21,1.94
AT13-AT31,AT13,AT31,199.93,2.54
AT13-AT32,AT13,AT32,336.8,4.05
AT13-AT33,AT13,AT33,436.03,5.38
AT13-AT34,AT13,AT34,598.05,7.34
AT13-BE10,AT13,BE10,1070.19,13.46
AT13-BE21,AT13,BE21,1061.93,13.31
AT13-BE22,AT13,BE22,991.1,12.35
AT13-BE23,AT13,BE23,1117.04,14.08
AT13-BE24,AT13,BE24,1058.97,13.3
AT13-BE25,AT13,BE25,1169.81,14.78
AT13-BE31,AT13,BE31,1067.28,13.34
AT13-BE32,AT13,BE32,1112.2,13.99
AT13-BE33,AT13,BE33,967.92,12.07
AT13-BE34,AT13,BE34,972.01,12.19
AT13-BE35,AT13,BE35,1037.6,12.99
AT13-BG31,AT13,BG31,962.07,10.66
AT13-BG32,AT13,BG32,1131.72,12.65
AT13-BG33,AT13,BG33,1183.61,13.41
AT13-BG34,AT13,BG34,1244.82,13.73
AT13-BG41,AT13,BG41,1018.69,10.87
AT13-BG42,AT13,BG42,1140.93,12.27
AT13-CH01,AT13,CH01,873.16,10.7
AT13-CH02,AT13,CH02,805.12,9.98
AT13-CH03,AT13,CH03,736.55,9.21
AT13-CH04,AT13,CH04,674.04,8.44
AT13-CH05,AT13,CH05,637.96,7.85
AT13-CH06,AT13,CH06,750.12,9.28
AT13-CH07,AT13,CH07,776.93,9.33
AT13-CZ01,AT13,CZ01,285.53,3.14
AT13-CZ02,AT13,CZ02,279.09,3.07
AT13-CZ03,AT13,CZ03,249.4,2.94
AT13-CZ04,AT13,CZ04,380.2,4.33
AT13-CZ05,AT13,CZ05,282.5,2.92
AT13-CZ06,AT13,CZ06,156.3,1.65
AT13-CZ07,AT13,CZ07,206.48,2.16
AT13-CZ08,AT13,CZ08,280.54,3.04
AT13-DE11,AT13,DE11,605.03,7.52
AT13-DE12,AT13,DE12,668.5,8.38
AT13-DE13,AT13,DE13,675.5,8.55
AT13-DE14,AT13,DE14,580.11,7.33
AT13-DE21,AT13,DE21,388.33,4.94
AT13-DE22,AT13,DE22,339.35,4.17
AT13-DE23,AT13,DE23,419.76,5.09
AT13-DE24,AT13,DE24,510.56,6.16
AT13-DE25,AT13,DE25,498.36,6.17
AT13-DE26,AT13,DE26,604.8,7.42
AT13-DE27,AT13,DE27,493.56,6.29
AT13-DE30,AT13,DE30,610.68,6.56
AT13-DE40,AT13,DE40,623.6,6.73
AT13-DE50,AT13,DE50,903.42,10.63
AT13-DE60,AT13,DE60,861.7,9.8
AT13-DE71,AT13,DE71,695.3,8.61
AT13-DE72,AT13,DE72,750.05,9.17
AT13-DE73,AT13,DE73,726.25,8.7
AT13-DE80,AT13,DE80,829.37,8.89
AT13-DE91,AT13,DE91,717.43,8.44
AT13-DE92,AT13,DE92,805.66,9.54
AT13-DE93,AT13,DE93,826.22,9.51
AT13-DE94,AT13,DE94,964.18,11.53
AT13-DEA1,AT13,DEA1,942.5,11.52
AT13-DEA2,AT13,DEA2,884.21,10.94
AT13-DEA3,AT13,DEA3,917.69,11.24
AT13-DEA4,AT13,DEA4,833.6,10
AT13-DEA5,AT13,DEA5,866.46,10.6
AT13-DEB1,AT13,DEB1,810.1,10.06
AT13-DEB2,AT13,DEB2,869.22,10.87
AT13-DEB3,AT13,DEB3,758.35,9.53
AT13-DED2,AT13,DED2,438.04,4.7
AT13-DED4,AT13,DED4,470.01,5.38
AT13-DED5,AT13,DED5,525.2,5.95
AT13-DEE0,AT13,DEE0,638.11,7.27
AT13-DEF0,AT13,DEF0,958.21,10.81
AT13-DEG0,AT13,DEG0,591.82,7.04
AT13-DK01,AT13,DK01,1015.68,10.72
AT13-DK02,AT13,DK02,987.42,10.61
AT13-DK03,AT13,DK03,1077.46,12.04
AT13-DK04,AT13,DK04,1188.72,13.17
AT13-DK05,AT13,DK05,1249.95,13.73
AT13-EE00,AT13,EE00,1592.41,17.63
AT13-EL30,AT13,EL30,1665.33,17.05
AT13-EL41,AT13,EL41,1681.92,17.51
AT13-EL42,AT13,EL42,2028.24,20.9
AT13-EL43,AT13,EL43,1988.09,20.06
AT13-EL51,AT13,EL51,1357.09,14.32
AT13-EL52,AT13,EL52,1221.53,12.7
AT13-EL53,AT13,EL53,1243.93,12.9
AT13-EL54,AT13,EL54,1305.73,13.26
AT13-EL61,AT13,EL61,1363.55,14.04
AT13-EL62,AT13,EL62,1799.28,18.09
AT13-EL63,AT13,EL63,1465.66,14.8
AT13-EL64,AT13,EL64,1513.91,15.53
AT13-EL65,AT13,EL65,1680.97,16.93
AT13-ES11,AT13,ES11,2436.57,28.59
AT13-ES12,AT13,ES12,2174.39,25.74
AT13-ES13,AT13,ES13,2015.75,23.84
AT13-ES21,AT13,ES21,1885.83,22.36
AT13-ES22,AT13,ES22,1877.68,22.15
AT13-ES23,AT13,ES23,1965.52,23.14
AT13-ES24,AT13,ES24,1881.81,21.09
AT13-ES30,AT13,ES30,2193.67,24.55
AT13-ES41,AT13,ES41,2102.1,24.7
AT13-ES42,AT13,ES42,2196.57,24.34
AT13-ES43,AT13,ES43,2490.67,28.53
AT13-ES51,AT13,ES51,1672.8,18.72
AT13-ES52,AT13,ES52,1945.27,21.57
AT13-ES53,AT13,ES53,1777.5,19.43
AT13-ES61,AT13,ES61,2454.58,26.94
AT13-ES62,AT13,ES62,2151.72,23.58
AT13-ES63,AT13,ES63,2644.76,28.75
AT13-FI19,AT13,FI19,2036.26,23.12
AT13-FI1B,AT13,FI1B,1676.93,18.79
AT13-FI1C,AT13,FI1C,1784.18,20.55
AT13-FI1D,AT13,FI1D,2294.99,25.67
AT13-FI20,AT13,FI20,1690.84,18.86
AT13-FR10,AT13,FR10,1182.38,15
AT13-FR21,AT13,FR21,1012.48,12.79
AT13-FR22,AT13,FR22,1186.42,14.95
AT13-FR23,AT13,FR23,1298.46,16.48
AT13-FR24,AT13,FR24,1288.46,16.1
AT13-FR25,AT13,FR25,1439.94,18.3
AT13-FR26,AT13,FR26,1072.55,13.34
AT13-FR30,AT13,FR30,1196.19,15.05
AT13-FR41,AT13,FR41,863.38,10.91
AT13-FR42,AT13,FR42,797.37,9.98
AT13-FR43,AT13,FR43,911.88,11.39
AT13-FR51,AT13,FR51,1487.56,18.73
AT13-FR52,AT13,FR52,1652.26,21.03
AT13-FR53,AT13,FR53,1470.32,18.15
AT13-FR61,AT13,FR61,1598.03,19.14
AT13-FR62,AT13,FR62,1555.34,18.29
AT13-FR63,AT13,FR63,1378.34,16.71
AT13-FR71,AT13,FR71,1127.1,13.55
AT13-FR72,AT13,FR72,1266.83,15.31
AT13-FR81,AT13,FR81,1439.25,16.56
AT13-FR82,AT13,FR82,1212.4,13.86
AT13-FR83,AT13,FR83,1092.9,11.86
AT13-HR03,AT13,HR03,591.76,6.04
AT13-HR04,AT13,HR04,367.65,3.79
AT13-HU10,AT13,HU10,262.32,3.22
AT13-HU21,AT13,HU21,189.59,2.14
AT13-HU22,AT13,HU22,136.04,1.39
AT13-HU23,AT13,HU23,309.22,3.29
AT13-HU31,AT13,HU31,383.38,4.69
AT13-HU32,AT13,HU32,436.67,5.42
AT13-HU33,AT13,HU33,385.42,4.56
AT13-IE01,AT13,IE01,2143.24,27.77
AT13-IE02,AT13,IE02,2157.67,27.83
AT13-ITC1,AT13,ITC1,885.87,10.26
AT13-ITC2,AT13,ITC2,916.93,11
AT13-ITC3,AT13,ITC3,909.26,10.24
AT13-ITC4,AT13,ITC4,750.47,8.61
AT13-ITF1,AT13,ITF1,946.11,9.95
AT13-ITF2,AT13,ITF2,1044.63,11
AT13-ITF3,AT13,ITF3,1147.49,11.99
AT13-ITF4,AT13,ITF4,1069.84,10.93
AT13-ITF5,AT13,ITF5,1171.44,12
AT13-ITF6,AT13,ITF6,1319.17,13.39
AT13-ITG1,AT13,ITG1,1544.31,15.71
AT13-ITG2,AT13,ITG2,1383.67,14.73
AT13-ITH1,AT13,ITH1,508.65,5.95
AT13-ITH2,AT13,ITH2,590.57,6.82
AT13-ITH3,AT13,ITH3,556.23,6.32
AT13-ITH4,AT13,ITH4,448.29,5.03
AT13-ITH5,AT13,ITH5,734.46,8.18
AT13-ITI1,AT13,ITI1,849.47,9.22
AT13-ITI2,AT13,ITI2,891.42,9.6
AT13-ITI3,AT13,ITI3,839.37,8.93
AT13-ITI4,AT13,ITI4,1015.75,10.66
AT13-LT00,AT13,LT00,1087.11,12.22
AT13-LU00,AT13,LU00,917.77,11.47
AT13-LV00,AT13,LV00,1357.6,15.38
AT13-NL11,AT13,NL11,1061.93,12.87
AT13-NL12,AT13,NL12,1100.42,13.51
AT13-NL13,AT13,NL13,1024.69,12.53
AT13-NL21,AT13,NL21,1030.61,12.6
AT13-NL22,AT13,NL22,1027.04,12.76
AT13-NL23,AT13,NL23,1079.8,13.32
AT13-NL31,AT13,NL31,1080.16,13.5
AT13-NL32,AT13,NL32,1148.52,14.26
AT13-NL33,AT13,NL33,1127.44,13.92
AT13-NL34,AT13,NL34,1125.06,14.11
AT13-NL41,AT13,NL41,1049.18,13.02
AT13-NL42,AT13,NL42,979.59,12.13
AT13-PL11,AT13,PL11,560.9,6.14
AT13-PL12,AT13,PL12,666.22,7.48
AT13-PL21,AT13,PL21,447.61,5.35
AT13-PL22,AT13,PL22,380.82,4.31
AT13-PL31,AT13,PL31,719.68,8.62
AT13-PL32,AT13,PL32,591.39,7.27
AT13-PL33,AT13,PL33,550.63,6.36
AT13-PL34,AT13,PL34,829.26,9.52
AT13-PL41,AT13,PL41,608.58,6.51
AT13-PL42,AT13,PL42,715.86,7.54
AT13-PL43,AT13,PL43,544.36,5.63
AT13-PL51,AT13,PL51,388.74,3.97
AT13-PL52,AT13,PL52,381.8,4.05
AT13-PL61,AT13,PL61,712.36,7.61
AT13-PL62,AT13,PL62,855.07,9.32
AT13-PL63,AT13,PL63,839.53,9.12
AT13-PT11,AT13,PT11,2444.46,28.48
AT13-PT15,AT13,PT15,2794.18,30.58
AT13-PT16,AT13,PT16,2560.5,29.56
AT13-PT17,AT13,PT17,2720.82,31.08
AT13-PT18,AT13,PT18,2690.23,30.62
AT13-RO11,AT13,RO11,633.39,7.73
AT13-RO12,AT13,RO12,806.43,9.7
AT13-RO21,AT13,RO21,968.63,11.69
AT13-RO22,AT13,RO22,1142.83,13.26
AT13-RO31,AT13,RO31,998.77,11.53
AT13-RO32,AT13,RO32,1042.64,12.03
AT13-RO41,AT13,RO41,836.18,9.59
AT13-RO42,AT13,RO42,593.13,6.84
AT13-SE11,AT13,SE11,1550.6,16.88
AT13-SE12,AT13,SE12,1462.19,15.53
AT13-SE21,AT13,SE21,1303.58,14.15
AT13-SE22,AT13,SE22,1062.9,11.13
AT13-SE23,AT13,SE23,1314.21,13.84
AT13-SE31,AT13,SE31,1694.51,18.04
AT13-SE32,AT13,SE32,1989.68,21.91
AT13-SE33,AT13,SE33,2387.01,27.48
AT13-SI03,AT13,SI03,302.53,3.1
AT13-SI04,AT13,SI04,428.37,4.56
AT13-SK01,AT13,SK01,95.58,1.15
AT13-SK02,AT13,SK02,169.61,2.08
AT13-SK03,AT13,SK03,280.32,3.41
AT13-SK04,AT13,SK04,445.42,5.49
AT13-UKC1,AT13,UKC1,1672.33,20.95
AT13-UKC2,AT13,UKC2,1675.35,21.91
AT13-UKD1,AT13,UKD1,1732.07,21.99
AT13-UKD3,AT13,UKD3,1659.03,21.1
AT13-UKD4,AT13,UKD4,1693.34,21.55
AT13-UKD6,AT13,UKD6,1674.31,21.3
AT13-UKD7,AT13,UKD7,1698.85,22.02
AT13-UKE1,AT13,UKE1,1527.04,19.25
AT13-UKE2,AT13,UKE2,1614.57,20.38
AT13-UKE3,AT13,UKE3,1599.45,20.59
AT13-UKE4,AT13,UKE4,1610.03,20.42
AT13-UKF1,AT13,UKF1,1583.79,20.46
AT13-UKF2,AT13,UKF2,1519.83,19.4
AT13-UKF3,AT13,UKF3,1541.93,19.79
AT13-UKG1,AT13,UKG1,1599.95,20.5
AT13-UKG2,AT13,UKG2,1621.31,20.81
AT13-UKG3,AT13,UKG3,1582.83,20.29
AT13-UKH1,AT13,UKH1,1393.74,17.66
AT13-UKH2,AT13,UKH2,1470.07,18.71
AT13-UKH3,AT13,UKH3,1383.33,17.57
AT13-UKI3,AT13,UKI3,1418.41,18.19
AT13-UKI4,AT13,UKI4,1410.46,18.08
AT13-UKI5,AT13,UKI5,1410.96,18.06
AT13-UKI6,AT13,UKI6,1415.92,18.15
AT13-UKI7,AT13,UKI7,1429.85,18.34
AT13-UKJ1,AT13,UKJ1,1497.39,19.23
AT13-UKJ2,AT13,UKJ2,1435.03,18.39
AT13-UKJ3,AT13,UKJ3,1518.35,19.47
AT13-UKJ4,AT13,UKJ4,1350.13,17.3
AT13-UKK1,AT13,UKK1,1588.55,20.41
AT13-UKK2,AT13,UKK2,1611.28,20.76
AT13-UKK3,AT13,UKK3,1823.39,23.47
AT13-UKK4,AT13,UKK4,1717.82,22.14
AT13-UKL1,AT13,UKL1,1769.1,22.73
AT13-UKL2,AT13,UKL2,1679.57,21.6
AT13-UKM2,AT13,UKM2,1843.42,24
AT13-UKM3,AT13,UKM3,1854.98,24.4
AT13-UKM5,AT13,UKM5,2000.74,25.87
AT13-UKM6,AT13,UKM6,2130.56,27.56
AT13-UKN0,AT13,UKN0,2042.34,26.93
AT21-AT11,AT21,AT11,289.78,3.36
AT21-AT12,AT21,AT12,311.08,3.54
AT21-AT13,AT21,AT13,300.17,3.42
AT21-AT21,AT21,AT21,0,0
AT21-AT22,AT21,AT22,127.96,1.48
AT21-AT31,AT21,AT31,226.95,2.47
AT21-AT32,AT21,AT32,114.6,1.27
AT21-AT33,AT21,AT33,247.12,2.89
AT21-AT34,AT21,AT34,410.44,4.92
AT21-BE10,AT21,BE10,997.71,11.86
AT21-BE21,AT21,BE21,1014.05,12.05
AT21-BE22,AT21,BE22,943.23,11.1
AT21-BE23,AT21,BE23,1044.74,12.48
AT21-BE24,AT21,BE24,994.79,11.81
AT21-BE25,AT21,BE25,1090.36,13.15
AT21-BE31,AT21,BE31,975.92,11.6
AT21-BE32,AT21,BE32,999.95,12.09
AT21-BE33,AT21,BE33,892,10.53
AT21-BE34,AT21,BE34,859.08,10.33
AT21-BE35,AT21,BE35,924.67,11.12
AT21-BG31,AT21,BG31,1063.57,12.19
AT21-BG32,AT21,BG32,1244.38,14.33
AT21-BG33,AT21,BG33,1328.01,15.28
AT21-BG34,AT21,BG34,1337.54,15.18
AT21-BG41,AT21,BG41,1093.48,12.3
AT21-BG42,AT21,BG42,1215.72,13.7
AT21-CH01,AT21,CH01,688.54,8.16
AT21-CH02,AT21,CH02,650.31,7.72
AT21-CH03,AT21,CH03,581.74,6.95
AT21-CH04,AT21,CH04,522.91,6.22
AT21-CH05,AT21,CH05,449.04,5.35
AT21-CH06,AT21,CH06,568.77,6.76
AT21-CH07,AT21,CH07,520.48,6.16
AT21-CZ01,AT21,CZ01,482.06,5.09
AT21-CZ02,AT21,CZ02,482.63,5.11
AT21-CZ03,AT21,CZ03,389.05,4.14
AT21-CZ04,AT21,CZ04,524.64,5.5
AT21-CZ05,AT21,CZ05,564.53,6.11
AT21-CZ06,AT21,CZ06,455.25,5.07
AT21-CZ07,AT21,CZ07,505.43,5.59
AT21-CZ08,AT21,CZ08,579.5,6.46
AT21-DE11,AT21,DE11,504.99,5.77
AT21-DE12,AT21,DE12,556.35,6.55
AT21-DE13,AT21,DE13,555.18,6.6
AT21-DE14,AT21,DE14,461.64,5.46
AT21-DE21,AT21,DE21,288.17,3.27
AT21-DE22,AT21,DE22,288.96,3.04
AT21-DE23,AT21,DE23,389.79,4.15
AT21-DE24,AT21,DE24,511.57,5.52
AT21-DE25,AT21,DE25,451.7,5.01
AT21-DE26,AT21,DE26,558.92,6.29
AT21-DE27,AT21,DE27,374.84,4.38
AT21-DE30,AT21,DE30,801.91,8.41
AT21-DE40,AT21,DE40,802.09,8.43
AT21-DE50,AT21,DE50,987.15,10.83
AT21-DE60,AT21,DE60,954.78,10.15
AT21-DE71,AT21,DE71,647.42,7.36
AT21-DE72,AT21,DE72,702.18,7.91
AT21-DE73,AT21,DE73,706.28,7.84
AT21-DE80,AT21,DE80,1020.6,10.75
AT21-DE91,AT21,DE91,793.55,8.64
AT21-DE92,AT21,DE92,873.25,9.56
AT21-DE93,AT21,DE93,918.15,9.83
AT21-DE94,AT21,DE94,1007.28,11.22
AT21-DEA1,AT21,DEA1,894.63,10.27
AT21-DEA2,AT21,DEA2,836.33,9.69
AT21-DEA3,AT21,DEA3,910.53,10.25
AT21-DEA4,AT21,DEA4,840.1,9.33
AT21-DEA5,AT21,DEA5,836.57,9.51
AT21-DEB1,AT21,DEB1,744.2,8.61
AT21-DEB2,AT21,DEB2,793.6,9.39
AT21-DEB3,AT21,DEB3,664.15,7.84
AT21-DED2,AT21,DED2,647.4,6.87
AT21-DED4,AT21,DED4,569.54,6.03
AT21-DED5,AT21,DED5,656.91,6.94
AT21-DEE0,AT21,DEE0,731.2,7.61
AT21-DEF0,AT21,DEF0,1051.3,11.15
AT21-DEG0,AT21,DEG0,640.51,6.87
AT21-DK01,AT21,DK01,1189.37,12.43
AT21-DK02,AT21,DK02,1137.58,11.8
AT21-DK03,AT21,DK03,1190.59,12.79
AT21-DK04,AT21,DK04,1281.81,13.51
AT21-DK05,AT21,DK05,1370.48,14.43
AT21-EE00,AT21,EE00,1891.37,21.05
AT21-EL30,AT21,EL30,1608.53,16.63
AT21-EL41,AT21,EL41,1756.7,18.94
AT21-EL42,AT21,EL42,1971.44,20.49
AT21-EL43,AT21,EL43,1931.29,19.65
AT21-EL51,AT21,EL51,1431.88,15.75
AT21-EL52,AT21,EL52,1296.31,14.13
AT21-EL53,AT21,EL53,1251.61,13.25
AT21-EL54,AT21,EL54,1168.63,12.14
AT21-EL61,AT21,EL61,1414.95,14.74
AT21-EL62,AT21,EL62,1662.18,16.97
AT21-EL63,AT21,EL63,1328.56,13.69
AT21-EL64,AT21,EL64,1509.98,15.65
AT21-EL65,AT21,EL65,1543.87,15.81
AT21-ES11,AT21,ES11,2257.74,25.91
AT21-ES12,AT21,ES12,1995.56,23.05
AT21-ES13,AT21,ES13,1836.92,21.16
AT21-ES21,AT21,ES21,1707,19.67
AT21-ES22,AT21,ES22,1655.76,18.92
AT21-ES23,AT21,ES23,1749.76,19.96
AT21-ES24,AT21,ES24,1586.11,17.72
AT21-ES30,AT21,ES30,1897.98,21.18
AT21-ES41,AT21,ES41,1923.26,22.01
AT21-ES42,AT21,ES42,1900.88,20.97
AT21-ES43,AT21,ES43,2232.62,24.73
AT21-ES51,AT21,ES51,1377.1,15.34
AT21-ES52,AT21,ES52,1649.57,18.2
AT21-ES53,AT21,ES53,1481.8,16.06
AT21-ES61,AT21,ES61,2158.89,23.57
AT21-ES62,AT21,ES62,1856.03,20.2
AT21-ES63,AT21,ES63,2349.06,25.37
AT21-FI19,AT21,FI19,2333,26.67
AT21-FI1B,AT21,FI1B,1973.67,22.34
AT21-FI1C,AT21,FI1C,2080.92,24.1
AT21-FI1D,AT21,FI1D,2591.73,29.22
AT21-FI20,AT21,FI20,1959.27,22.43
AT21-FR10,AT21,FR10,1058.67,12.87
AT21-FR21,AT21,FR21,899.15,10.94
AT21-FR22,AT21,FR22,1073.09,13.09
AT21-FR23,AT21,FR23,1185.12,14.62
AT21-FR24,AT21,FR24,1137.87,13.85
AT21-FR25,AT21,FR25,1326.61,16.45
AT21-FR26,AT21,FR26,921.96,11.09
AT21-FR30,AT21,FR30,1083.26,13.18
AT21-FR41,AT21,FR41,750.05,9.06
AT21-FR42,AT21,FR42,677.05,8.04
AT21-FR43,AT21,FR43,761.29,9.14
AT21-FR51,AT21,FR51,1353,16.52
AT21-FR52,AT21,FR52,1523.87,18.87
AT21-FR53,AT21,FR53,1319.72,15.9
AT21-FR61,AT21,FR61,1423.71,16.63
AT21-FR62,AT21,FR62,1305.98,15.05
AT21-FR63,AT21,FR63,1202.74,14.26
AT21-FR71,AT21,FR71,875.82,10.22
AT21-FR72,AT21,FR72,1091.22,12.87
AT21-FR81,AT21,FR81,1143.56,13.19
AT21-FR82,AT21,FR82,916.71,10.49
AT21-FR83,AT21,FR83,807.01,8.64
AT21-HR03,AT21,HR03,423.88,4.46
AT21-HR04,AT21,HR04,368.8,4.35
AT21-HU10,AT21,HU10,502.74,6.07
AT21-HU21,AT21,HU21,388.62,4.69
AT21-HU22,AT21,HU22,329.82,3.95
AT21-HU23,AT21,HU23,388.77,4.66
AT21-HU31,AT21,HU31,649.34,7.78
AT21-HU32,AT21,HU32,677.1,8.28
AT21-HU33,AT21,HU33,605.4,7.23
AT21-IE01,AT21,IE01,2082.89,26.18
AT21-IE02,AT21,IE02,2067.7,25.72
AT21-ITC1,AT21,ITC1,590.17,6.89
AT21-ITC2,AT21,ITC2,642.35,7.65
AT21-ITC3,AT21,ITC3,613.57,6.86
AT21-ITC4,AT21,ITC4,454.78,5.23
AT21-ITF1,AT21,ITF1,748.98,7.91
AT21-ITF2,AT21,ITF2,849.22,8.99
AT21-ITF3,AT21,ITF3,952.08,9.98
AT21-ITF4,AT21,ITF4,931.27,9.79
AT21-ITF5,AT21,ITF5,1004.6,10.53
AT21-ITF6,AT21,ITF6,1180.6,12.25
AT21-ITG1,AT21,ITG1,1348.91,13.7
AT21-ITG2,AT21,ITG2,1097.78,11.51
AT21-ITH1,AT21,ITH1,212.96,2.57
AT21-ITH2,AT21,ITH2,294.88,3.45
AT21-ITH3,AT21,ITH3,270.34,3.1
AT21-ITH4,AT21,ITH4,162.4,1.81
AT21-ITH5,AT21,ITH5,448.57,4.96
AT21-ITI1,AT21,ITI1,563.58,6
AT21-ITI2,AT21,ITI2,605.53,6.38
AT21-ITI3,AT21,ITI3,604.03,6.48
AT21-ITI4,AT21,ITI4,769.29,8.02
AT21-LT00,AT21,LT00,1386.06,15.64
AT21-LU00,AT21,LU00,806.38,9.64
AT21-LV00,AT21,LV00,1656.55,18.8
AT21-NL11,AT21,NL11,1081.62,12.24
AT21-NL12,AT21,NL12,1116.83,12.85
AT21-NL13,AT21,NL13,1041.1,11.88
AT21-NL21,AT21,NL21,1024.75,11.68
AT21-NL22,AT21,NL22,982.76,11.29
AT21-NL23,AT21,NL23,1057.19,12.07
AT21-NL31,AT21,NL31,1035.89,12.03
AT21-NL32,AT21,NL32,1104.24,12.79
AT21-NL33,AT21,NL33,1079.56,12.66
